WT AA,Envision,SNAP2,EVmutation-epistatic,EVmutation-independent
K,0.211173,0.400473,0.35151,0.364028
Q,0.376568,0.311251,0.069366,0.144747
W,0.391787,0.391187,0.534809,0.449593
D,0.45847,0.174237,0.02881,0.162227
P,0.493607,0.455158,0.412364,0.514257
S,0.499731,0.412732,0.510747,0.569506
H,0.524761,0.673306,0.554595,0.535693
V,0.529796,0.597756,0.506887,0.488625
R,0.530586,0.455114,0.419383,0.455915
M,0.53088,0.517142,0.408887,0.459548
N,0.543638,0.561879,0.423442,0.46051
T,0.551405,0.428978,0.54334,0.573574
G,0.554071,0.586574,0.428472,0.426384
Y,0.585797,0.719325,0.486202,0.641594
E,0.599111,0.324304,0.371655,0.282812
A,0.607232,0.584662,0.513554,0.593657
L,0.611399,0.634903,0.718443,0.616263
F,0.63547,0.402375,0.374755,0.368373
C,0.655468,0.659132,0.829981,0.817984
I,0.704648,0.652662,0.438233,0.43296