aa2,Envision,SNAP2,EVmutation-epistatic,EVmutation-independent
A,0.458451,0.36233,0.327843,0.361323
H,0.534299,0.430176,0.273591,0.357564
I,0.497033,0.441082,0.525971,0.480585
L,0.469768,0.452548,0.241122,0.22998
V,0.638289,0.488174,0.405497,0.458286
C,0.668085,0.489923,0.376871,0.393132
Y,0.623067,0.495518,0.438657,0.505325
N,0.536923,0.496682,0.481757,0.508937
K,0.589743,0.497597,0.404896,0.501071
Q,0.519858,0.514609,0.322819,0.343555
T,0.521372,0.520268,0.461585,0.547621
D,0.670926,0.542501,0.471083,0.535817
F,0.576038,0.574711,0.685689,0.627835
E,0.591126,0.576881,0.566642,0.612588
S,0.615039,0.57731,0.558073,0.603498
G,0.625037,0.588331,0.369788,0.41082
R,0.619087,0.615525,0.579057,0.61948
P,0.656797,0.677102,0.577003,0.607852
M,0.593828,0.697203,0.315164,0.235719
W,0.640218,0.804879,0.44582,0.611082